Title,Artist,view_count
Song A,Artist 1,1500000
Song B,Artist 2,3200000
Song C,Artist 3,780000
Song D,Artist 4,5400000
Song E,Artist 5,2700000
Song F,Artist 6,1200000
Song G,Artist 7,4500000
Song H,Artist 8,890000
Song I,Artist 9,2200000
Song J,Artist 10,3600000
Song K,Artist 11,3100000
Song L,Artist 12,950000
Song M,Artist 13,4200000
Song N,Artist 14,1800000
Song O,Artist 15,600000
Song P,Artist 16,2500000
Song Q,Artist 17,3700000
Song R,Artist 18,1400000
Song S,Artist 19,2800000
Song T,Artist 20,4900000
Song U,Artist 21,1300000
Song V,Artist 22,2100000
Song W,Artist 23,3300000
Song X,Artist 24,800000
Song Y,Artist 25,5600000
Song Z,Artist 26,1900000
Song AA,Artist 27,2700000
Song AB,Artist 28,4300000
Song AC,Artist 29,1100000
Song AD,Artist 30,3000000
